Mickael Halimi,123 Main Street New York USA,mickaelhalimi@gmail.com,123
Almog Ben Yamin,123,Main Stree New York USA,almoggx@gmail.com,123
Shoam Ben Shoushan,456 Elm Avenue Los Angeles USA shoam@gmail.com,232
Mor Berebi,789 Oak Drive London W1K 5DG United Kingdom,mor@fmail.com,923
John Kasr,10 Maple Street Toronto ON M5H 2N2 Canada,john@fmail.com,956
Marc Deor,111 Pine Avenue Sydney NSW 2000 Australia,marcd@gmail.com,934
Moshe Elbaz,222 Cedar Lane Paris 75001 France,mosheelbaz@gmail.com,023
Bobby Moa,333 Walnut Road Berlin 10117 Germany,mor@fmail.com,743
Sophie Martin,456 Birch Court Rome 00100 Italy,sophiemartin@gmail.com,542
Benjamin Thompson,789 Ash Street Tokyo 100-0005 Japan,benjaminthompson@gmail.com,987
Elena Rodriguez,12 Oakwood Lane Beijing 100010 China,elenarodriguez@gmail.com,654
Alexander Klein,456 Elm Avenue Prague 110 00 Czech Republic,alexanderklein@gmail.com,789
Laura Johnson,34 Elmwood Avenue Moscow 125009 Russia,laurajohnson@gmail.com,456
Alessandro Ferrari,56 Pinehurst Drive Rio de Janeiro 20000-000 Brazil,alessandroferrari@gmail.com,321
Emily Smith,78 Maple Road Cape Town 8001 South Africa,emilysmith@gmail.com,852
Thomas Müller,90 Willow Lane Buenos Aires C1002ABC Argentina,thomasmuller@gmail.com,963
Olivia Davis,1234 Cedar Street Mumbai 400001 India,oliviadavis@gmail.com,741
Sofia Hernandez,5678 Birch Avenue Seoul 03182 South Korea,sofiahernandez@gmail.com,369
Luca Bianchi,9101 Oakwood Court Mexico City 06000 Mexico,lucabianchi@gmail.com,147
Emma Nguyen,2345 Elmwood Road Madrid 28013 Spain,emmanguyen@gmail.com,258
Carlos Gonzalez,6789 Pinehurst Drive Amsterdam 1012 JS Netherlands,carlosgonzalez@gmail.com,369
Anna Petrovich,123 Main Street Zurich 8001 Switzerland,annapetrovich@gmail.com,852
Michael Anderson,Los Angeles456 Elm Avenue Stockholm 111 29 Sweden,michaelanderson@gmail.com,963
Maria Costa,789 Oak Drive Vienna 1010 Austria,mariacosta@gmail.com,741
Benjamin Müller,10 Maple Street Athens 105 61 Greece,benjaminmuller@gmail.com,369
Sophia Smith, 111 Pine Avenue Istanbul 34433 Turkey,sophiasmith@gmail.com,258
Matteo Ferrari,222 Cedar Lane Dubai - United Arab Emirates,matteoferrari@gmail.com,147
Chloe Wilson,333 Walnut Road Riyadh 11564 Saudi Arabia,chloewilson@gmail.com,852
Alexander Ivanov, 456 Birch Court Cairo 11511 Egypt,alexanderivanov@gmail.com,369
Laura Sanchez,789 Ash Street Johannesburg 2000 South Africa,laurasanchez@gmail.com,741
Maxime Lefebvre,12 Oakwood Lane Buenos Aires C1007AAG Argentina,maximelefebvre@gmail.com,852
Isabella Rossi,34 Elmwood Avenue Nairobi 00100 Kenya,isabellarossi@gmail.com,963
David Johnson,56 Pinehurst Drive Vancouver BC V6C 3T4 Canada,davidjohnson@gmail.com,147
Ana Silva,78 Maple Road Auckland 1010 New Zealand,anasilva@gmail.com,258
Ethan Brown,90 Willow Lane Jakarta 12190 Indonesia,ethanbrown@gmail.com,369
Sophia Müller,1234 Cedar Street Kuala Lumpur 50088 Malaysia,sophiamuller@gmail.com,741
Carlos Gomez, 5678 Birch Avenue Bangkok 10500 Thailand, carlosgomez@gmail.com, 852
Olivia Bianchi, 9101 Oakwood Court Dubai - United Arab Emirates, oliviabianchi@gmail.com, 963
Daniel Smith, 2345 Elmwood Road Santiago 8320000 Chile, danielsmith@gmail.com, 147
Emma Garcia,6789 Pinehurst Drive Tel Aviv-Yafo 6525216 Israel, emmagarcia@gmail.com, 258
Lucas Dupuis, 123 Main Street Dublin D02 AF30 Ireland, lucasdupuis@gmail.com,369
Almog,Ir HaYona 6/2,almoggx@gmail.com,123
LIOR,38 iendej,123123,123123
zlk,zk,dk,dk
mickael,lkd ,mickaelhalimi@gmail.com,123
mickael,ke,d,mickaelhalimi@gmail.com,12
md,,sld,,mickaelhalimi@gmail.com,21
Mickael,Med 29 iod Oanido,mick@gmail.fr,123
Yann,nike ta mere,tg,"'